City_ID,City,Country,Date,Lat,Lng,Max Temp,Humidity,Cloudiness,Wind Speed,Current Description
0,Vila Velha,BR,2020-08-30 16:24:28,-20.33,-40.29,80.01,88,40,9.17,scattered clouds
1,East London,ZA,2020-08-30 16:32:02,-33.02,27.91,55.4,47,31,14.99,scattered clouds
2,Klaksvik,FO,2020-08-30 16:32:03,62.23,-6.59,51.8,93,95,8.05,overcast clouds
3,Imeni Poliny Osipenko,RU,2020-08-30 16:24:29,52.42,136.49,46.33,84,1,3.87,clear sky
4,Rikitea,PF,2020-08-30 16:32:03,-23.12,-134.97,69.31,83,65,19.89,light rain
5,Bethel,US,2020-08-30 16:32:03,41.37,-73.41,72.0,50,19,1.01,few clouds
6,Chokurdakh,RU,2020-08-30 16:32:03,70.63,147.92,41.9,80,100,6.85,overcast clouds
7,Zambezi,ZM,2020-08-30 16:24:29,-13.54,23.1,78.28,48,73,1.01,broken clouds
8,Belen,TR,2020-08-30 16:24:29,36.49,36.22,91.4,46,0,12.75,clear sky
9,Waingapu,ID,2020-08-30 16:24:30,-9.66,120.26,74.57,79,78,12.53,broken clouds
10,Hobart,AU,2020-08-30 16:31:29,-42.88,147.33,46.0,75,75,13.87,light intensity shower rain
11,Busselton,AU,2020-08-30 16:32:04,-33.65,115.33,43.0,68,0,4.36,clear sky
12,Fortuna,US,2020-08-30 16:24:30,40.6,-124.16,57.99,87,1,3.36,clear sky
13,Oktyabrskoye,RU,2020-08-30 16:24:30,43.06,44.74,73.0,72,20,6.71,few clouds
14,Kodiak,US,2020-08-30 16:29:49,57.79,-152.41,48.2,87,20,3.36,few clouds
15,Narsaq,GL,2020-08-30 16:24:31,60.92,-46.05,51.8,66,99,8.05,light rain
16,Hilo,US,2020-08-30 16:30:14,19.73,-155.09,71.6,83,75,3.36,broken clouds
17,Carnarvon,AU,2020-08-30 16:32:05,-24.87,113.63,64.4,88,0,12.75,clear sky
18,Winnemucca,US,2020-08-30 16:20:17,40.97,-117.74,71.6,14,1,12.75,clear sky
19,Tuktoyaktuk,CA,2020-08-30 16:32:05,69.45,-133.04,41.0,93,75,13.87,mist
20,Ushuaia,AR,2020-08-30 16:32:05,-54.8,-68.3,28.4,86,75,26.4,snow
21,Ancud,CL,2020-08-30 16:32:05,-41.87,-73.82,52.0,97,63,7.0,broken clouds
22,Tiksi,RU,2020-08-30 16:32:06,71.69,128.87,41.92,88,1,6.96,clear sky
23,Punta Arenas,CL,2020-08-30 16:30:16,-53.15,-70.92,35.6,43,75,16.11,broken clouds
24,Vaini,TO,2020-08-30 16:32:06,-21.2,-175.2,75.2,94,75,10.29,broken clouds
25,Talnakh,RU,2020-08-30 16:24:32,69.49,88.4,48.2,100,90,13.42,fog
26,Mar Del Plata,AR,2020-08-30 16:32:06,-38.0,-57.56,57.2,28,0,19.46,clear sky
27,Mataura,NZ,2020-08-30 16:32:06,-46.19,168.86,49.06,62,37,8.93,scattered clouds
28,Biak,ID,2020-08-30 16:32:07,-0.91,122.88,77.5,76,91,7.72,overcast clouds
29,Bellavista,PE,2020-08-30 16:24:32,-7.06,-76.59,91.4,52,20,4.7,few clouds
30,Albany,US,2020-08-30 16:32:07,42.6,-73.97,71.01,49,24,3.0,few clouds
31,Upernavik,GL,2020-08-30 16:24:32,72.79,-56.15,42.51,73,12,6.8,few clouds
32,Puerto Colombia,CO,2020-08-30 16:24:33,10.99,-74.95,84.2,79,40,5.82,scattered clouds
33,Ogulin,HR,2020-08-30 16:24:33,45.27,15.23,81.0,69,75,14.99,thunderstorm
34,Huilong,CN,2020-08-30 16:24:33,31.81,121.66,82.99,93,0,1.01,clear sky
35,Bengkulu,ID,2020-08-30 16:32:07,-3.8,102.27,77.27,83,99,4.41,overcast clouds
36,Morgantown,US,2020-08-30 16:23:46,39.63,-79.96,71.6,53,40,4.7,scattered clouds
37,Pozo Colorado,PY,2020-08-30 16:24:33,-23.49,-58.8,81.32,57,80,9.89,broken clouds
38,Katsuura,JP,2020-08-30 16:32:08,35.13,140.3,82.0,90,11,2.57,few clouds
39,Pinega,RU,2020-08-30 16:24:34,64.7,43.39,51.69,92,100,7.23,overcast clouds
40,Deputatskiy,RU,2020-08-30 16:24:34,69.3,139.9,28.63,99,1,2.64,clear sky
41,Bambous Virieux,MU,2020-08-30 16:32:08,-20.34,57.76,72.0,78,40,16.11,shower rain
42,Rawson,AR,2020-08-30 16:24:34,-43.3,-65.1,54.9,41,0,15.5,clear sky
43,Oktyabrskiy,RU,2020-08-30 16:32:08,54.48,53.47,59.34,86,76,4.18,broken clouds
44,Labuhan,ID,2020-08-30 16:32:09,-6.88,112.21,77.25,78,43,7.85,scattered clouds
45,Norman Wells,CA,2020-08-30 16:32:09,65.28,-126.83,50.0,61,75,14.99,broken clouds
46,Izhma,RU,2020-08-30 16:21:04,65.01,53.91,53.8,97,100,4.99,overcast clouds
47,Shatsk,RU,2020-08-30 16:20:04,54.03,41.71,68.61,66,41,9.8,scattered clouds
48,La Palma,US,2020-08-30 16:24:35,33.85,-118.05,69.01,72,90,4.56,overcast clouds
49,Tukrah,LY,2020-08-30 16:24:35,32.53,20.58,82.18,55,0,15.66,clear sky
50,Codrington,AU,2020-08-30 16:22:39,-38.27,141.97,47.86,71,49,13.87,scattered clouds
51,Udachnyy,RU,2020-08-30 16:21:55,66.42,112.4,50.0,57,90,5.93,haze
52,Quatre Cocos,MU,2020-08-30 16:24:36,-20.21,57.76,72.0,78,40,16.11,shower rain
53,Flinders,AU,2020-08-30 16:32:10,-34.58,150.86,66.0,78,51,1.01,broken clouds
54,Provideniya,RU,2020-08-30 16:32:10,64.38,-173.3,45.68,76,37,20.8,scattered clouds
55,Kilrush,IE,2020-08-30 16:24:37,52.64,-9.48,60.8,55,75,2.24,broken clouds
56,Sao Joao Da Barra,BR,2020-08-30 16:32:11,-21.64,-41.05,86.0,48,20,16.11,few clouds
57,Lebu,CL,2020-08-30 16:30:42,-37.62,-73.65,50.04,64,0,21.39,clear sky
58,Dikson,RU,2020-08-30 16:32:11,73.51,80.55,41.38,96,100,17.56,light rain
59,Nikolskoye,RU,2020-08-30 16:32:11,59.7,30.79,64.4,72,90,4.47,overcast clouds
60,Lewiston,US,2020-08-30 16:24:37,44.1,-70.21,69.01,55,20,16.11,few clouds
61,Yellowknife,CA,2020-08-30 16:32:11,62.46,-114.35,48.2,66,20,17.22,few clouds
62,La Sarre,CA,2020-08-30 16:24:37,48.8,-79.2,58.03,60,25,8.72,scattered clouds
63,Kapaa,US,2020-08-30 16:32:12,22.08,-159.32,78.8,74,20,17.22,few clouds
64,Puerto Rondon,CO,2020-08-30 16:24:38,6.28,-71.1,86.74,65,91,3.47,overcast clouds
65,Atuona,PF,2020-08-30 16:32:12,-9.8,-139.03,78.24,81,39,25.61,light rain
66,Saint-Joseph,RE,2020-08-30 16:24:38,-21.37,55.62,71.6,73,13,10.29,few clouds
67,Geraldton,AU,2020-08-30 16:24:38,-28.77,114.6,46.4,87,0,4.7,clear sky
68,Mount Isa,AU,2020-08-30 16:32:12,-20.73,139.5,73.4,38,0,9.17,clear sky
69,Wanning,CN,2020-08-30 16:24:39,18.8,110.4,80.2,79,84,1.7,broken clouds
70,Tasiilaq,GL,2020-08-30 16:32:13,65.61,-37.64,50.0,61,100,2.24,overcast clouds
71,Kruisfontein,ZA,2020-08-30 16:32:13,-34.0,24.73,53.01,71,97,1.99,overcast clouds
72,Opelousas,US,2020-08-30 16:24:39,30.53,-92.08,87.01,74,40,4.99,scattered clouds
73,Jamestown,US,2020-08-30 16:32:13,42.1,-79.24,66.99,72,90,8.05,overcast clouds
74,Cidreira,BR,2020-08-30 16:32:13,-30.18,-50.21,58.26,93,100,13.76,overcast clouds
75,Bredasdorp,ZA,2020-08-30 16:32:14,-34.53,20.04,53.6,58,53,6.93,broken clouds
76,Puerto Ayora,EC,2020-08-30 16:31:08,-0.74,-90.35,71.6,64,75,16.11,broken clouds
77,Sitka,US,2020-08-30 16:24:40,57.05,-135.33,51.8,87,90,5.82,light rain
78,Zyryanka,RU,2020-08-30 16:24:40,65.75,150.85,39.99,72,0,3.85,clear sky
79,Iqaluit,CA,2020-08-30 16:32:14,63.75,-68.51,50.0,66,20,3.36,few clouds
80,Yelan-Kolenovskiy,RU,2020-08-30 16:24:40,51.16,41.15,72.9,46,0,2.04,clear sky
81,Sorland,NO,2020-08-30 16:24:40,67.67,12.69,48.2,66,40,8.05,scattered clouds
82,Trinidad,BO,2020-08-30 16:24:41,-14.83,-64.9,91.4,52,49,9.17,smoke
83,Axim,GH,2020-08-30 16:24:41,4.87,-2.24,78.26,73,85,10.83,overcast clouds
84,Caucasia,CO,2020-08-30 16:24:41,7.99,-75.19,82.35,82,58,1.43,moderate rain
85,Rimouski,CA,2020-08-30 16:24:41,48.45,-68.52,48.2,100,90,27.51,light rain
86,Butaritari,KI,2020-08-30 16:32:15,3.07,172.79,82.54,73,44,12.3,scattered clouds
87,Saint-Philippe,RE,2020-08-30 16:32:15,-21.36,55.77,71.6,73,27,10.29,light rain
88,Port Elizabeth,ZA,2020-08-30 16:32:15,-33.92,25.57,51.8,76,40,12.75,scattered clouds
89,Saint George,US,2020-08-30 16:31:28,37.1,-113.58,84.99,32,1,3.62,clear sky
90,Ribeira Grande,PT,2020-08-30 16:32:15,38.52,-28.7,78.8,88,40,10.29,scattered clouds
91,Khovu-Aksy,RU,2020-08-30 16:24:42,51.13,93.6,47.25,77,25,2.57,scattered clouds
92,Distraccion,CO,2020-08-30 16:24:42,10.9,-72.89,82.4,74,75,3.36,broken clouds
93,Elizabeth City,US,2020-08-30 16:24:42,36.29,-76.25,86.0,48,1,8.05,clear sky
94,Torbay,CA,2020-08-30 16:32:16,47.67,-52.73,66.0,100,90,19.46,light rain
95,Avarua,CK,2020-08-30 16:32:16,-21.21,-159.78,73.4,78,25,10.29,scattered clouds
96,Sorong,ID,2020-08-30 16:24:43,-0.88,131.25,77.68,86,37,8.66,scattered clouds
97,Mahebourg,MU,2020-08-30 16:32:16,-20.41,57.7,71.6,78,40,16.11,shower rain
98,Pevek,RU,2020-08-30 16:28:56,69.7,170.31,36.48,86,71,4.09,broken clouds
99,Lompoc,US,2020-08-30 16:32:17,34.64,-120.46,57.2,93,90,4.38,mist
100,Leningradskiy,RU,2020-08-30 16:24:43,69.38,178.42,35.53,91,100,10.2,overcast clouds
101,Georgetown,MY,2020-08-30 16:32:17,5.41,100.34,82.4,94,20,4.7,few clouds
102,Sao Miguel,BR,2020-08-30 16:24:44,-5.47,-35.37,84.2,58,40,16.11,scattered clouds
103,Ballina,AU,2020-08-30 16:24:44,-28.87,153.57,55.0,93,0,3.36,clear sky
104,Burriana,ES,2020-08-30 16:24:45,39.89,-0.09,77.0,42,0,1.99,clear sky
105,New Norfolk,AU,2020-08-30 16:32:18,-42.78,147.06,46.0,71,100,3.0,light rain
106,Cape Town,ZA,2020-08-30 16:32:18,-33.93,18.42,55.0,50,20,9.17,few clouds
107,Nanortalik,GL,2020-08-30 16:32:18,60.14,-45.24,48.15,75,100,8.9,overcast clouds
108,Nemuro,JP,2020-08-30 16:23:58,43.32,145.57,55.67,80,96,15.79,overcast clouds
109,Bluff,NZ,2020-08-30 16:32:19,-46.6,168.33,51.55,68,68,22.01,broken clouds
110,Podosinovets,RU,2020-08-30 16:24:45,60.28,47.07,54.52,97,100,5.06,moderate rain
111,Manado,ID,2020-08-30 16:24:46,1.49,124.85,75.2,94,20,2.24,few clouds
112,Abu Zabad,SD,2020-08-30 16:24:46,12.35,29.25,83.53,63,52,7.2,light rain
113,Qiyang,CN,2020-08-30 16:24:46,26.59,111.85,78.44,70,5,2.8,clear sky
114,Kinwat,IN,2020-08-30 16:24:46,19.63,78.2,77.9,83,0,4.32,clear sky
115,Barrow,US,2020-08-30 16:30:02,71.29,-156.79,39.2,86,90,9.17,overcast clouds
116,Thompson,CA,2020-08-30 16:31:02,55.74,-97.86,53.6,93,90,8.05,light rain
117,Hermanus,ZA,2020-08-30 16:32:20,-34.42,19.23,50.0,74,21,1.01,few clouds
118,Revda,RU,2020-08-30 16:24:47,56.8,59.93,69.8,68,40,6.71,scattered clouds
119,Sao Jose Da Coroa Grande,BR,2020-08-30 16:32:20,-8.9,-35.15,80.37,67,10,10.29,clear sky
120,Clyde River,CA,2020-08-30 16:32:20,70.47,-68.59,50.0,81,75,10.29,broken clouds
121,Macau,MO,2020-08-30 16:21:25,22.2,113.55,86.0,79,20,9.17,few clouds
122,Grindavik,IS,2020-08-30 16:24:47,63.84,-22.43,53.6,100,90,28.86,drizzle rain
123,Tuy Hoa,VN,2020-08-30 16:24:48,13.08,109.3,79.81,82,19,4.09,few clouds
124,Atambua,ID,2020-08-30 16:24:48,-9.11,124.89,69.66,86,28,6.2,scattered clouds
125,Bilibino,RU,2020-08-30 16:24:48,68.05,166.44,40.33,83,100,4.65,overcast clouds
126,Winnipeg,CA,2020-08-30 16:21:04,49.88,-97.15,71.01,56,90,17.22,overcast clouds
127,Pisco,PE,2020-08-30 16:32:21,-13.7,-76.22,63.0,82,90,6.93,overcast clouds
128,Hithadhoo,MV,2020-08-30 16:32:21,-0.6,73.08,81.91,76,12,13.62,few clouds
129,Taybad,IR,2020-08-30 16:24:48,34.74,60.78,74.91,20,0,16.17,clear sky
130,Benalla,AU,2020-08-30 16:24:49,-36.55,145.98,48.2,93,40,10.29,scattered clouds
131,Faanui,PF,2020-08-30 16:32:22,-16.48,-151.75,76.51,76,17,23.4,few clouds
132,Olafsvik,IS,2020-08-30 16:21:58,64.89,-23.71,52.95,93,100,24.45,moderate rain
133,Pampa,US,2020-08-30 16:24:49,35.54,-100.96,78.8,61,1,11.41,clear sky
134,Hofn,IS,2020-08-30 16:32:22,64.25,-15.21,53.6,93,90,9.17,mist
135,Zhigansk,RU,2020-08-30 16:24:49,66.77,123.37,48.33,96,99,11.21,moderate rain
136,Vammala,FI,2020-08-30 16:24:49,61.33,22.9,57.2,82,20,5.82,few clouds
137,Cedar City,US,2020-08-30 16:32:22,37.68,-113.06,78.8,14,1,11.41,clear sky
138,Germersheim,DE,2020-08-30 16:24:50,49.22,8.36,64.0,77,100,3.0,light rain
139,Nanga Eboko,CM,2020-08-30 16:24:50,4.68,12.37,74.91,94,99,1.45,light rain
140,Airai,TL,2020-08-30 16:32:23,-8.93,125.41,56.66,100,23,4.14,few clouds
141,Estelle,US,2020-08-30 16:24:51,29.85,-90.11,82.99,94,75,10.29,broken clouds
142,Krasnoselkup,RU,2020-08-30 16:24:51,65.7,82.47,50.9,85,100,9.98,overcast clouds
143,Kihei,US,2020-08-30 16:24:51,20.79,-156.47,77.0,73,40,14.99,scattered clouds
144,San Francisco,US,2020-08-30 16:24:22,37.77,-122.42,60.01,90,68,1.99,broken clouds
145,Port Alfred,ZA,2020-08-30 16:32:23,-33.59,26.89,52.52,67,29,12.46,scattered clouds
146,Maceio,BR,2020-08-30 16:23:47,-9.67,-35.74,82.4,58,75,6.93,broken clouds
147,Arraial Do Cabo,BR,2020-08-30 16:32:24,-22.97,-42.03,89.6,51,0,13.87,clear sky
148,Qaanaaq,GL,2020-08-30 16:32:24,77.48,-69.36,34.02,76,0,5.28,clear sky
149,Pangnirtung,CA,2020-08-30 16:32:25,66.15,-65.71,46.4,81,20,10.29,few clouds
150,Lavrentiya,RU,2020-08-30 16:32:25,65.58,-171.0,44.01,79,71,16.46,broken clouds
151,Solnechnyy,RU,2020-08-30 16:24:52,50.72,136.63,49.62,80,0,2.64,clear sky
152,Victoria,HK,2020-08-30 16:24:52,22.29,114.16,86.0,83,93,7.0,light rain
153,Fairbanks,US,2020-08-30 16:32:25,64.84,-147.72,52.0,87,75,2.98,broken clouds
154,Raton,US,2020-08-30 16:24:52,36.9,-104.44,70.0,68,1,5.82,clear sky
155,Campo Verde,BR,2020-08-30 16:24:53,-20.42,-54.07,93.2,18,0,13.87,clear sky
156,Nago,JP,2020-08-30 16:24:53,26.59,127.98,82.4,88,20,9.17,light intensity drizzle
157,Kathmandu,NP,2020-08-30 16:24:53,27.72,85.32,73.4,88,40,4.7,scattered clouds
158,Santa Cruz De La Palma,ES,2020-08-30 16:24:53,28.68,-17.76,77.0,61,75,17.22,broken clouds
159,Vestmannaeyjar,IS,2020-08-30 16:32:26,63.44,-20.27,51.8,100,90,16.11,drizzle rain
160,Haines Junction,CA,2020-08-30 16:24:54,60.75,-137.51,46.04,77,100,3.33,light rain
161,Halifax,CA,2020-08-30 16:21:30,44.65,-63.57,73.99,96,90,1.99,overcast clouds
162,Jalu,LY,2020-08-30 16:32:26,29.03,21.55,94.48,16,0,9.53,clear sky
163,Plettenberg Bay,ZA,2020-08-30 16:24:54,-34.05,23.37,51.39,66,51,9.53,broken clouds
164,Castro,BR,2020-08-30 16:32:27,-24.79,-50.01,80.31,40,0,6.6,clear sky
165,Paamiut,GL,2020-08-30 16:24:54,61.99,-49.67,47.3,73,100,1.9,overcast clouds
166,Mangrol,IN,2020-08-30 16:24:54,21.12,70.12,78.12,91,100,19.73,moderate rain
167,Shingu,JP,2020-08-30 16:24:55,33.73,135.98,76.3,83,0,3.18,clear sky
168,Cabo San Lucas,MX,2020-08-30 16:32:27,22.89,-109.91,84.2,94,40,4.7,scattered clouds
169,Tulun,RU,2020-08-30 16:24:55,54.56,100.58,51.6,87,52,2.8,broken clouds
170,Zihuatanejo,MX,2020-08-30 16:24:55,17.63,-101.55,78.8,83,75,11.41,broken clouds
171,Ohara,JP,2020-08-30 16:24:55,35.25,140.38,82.4,100,75,3.36,broken clouds
172,Ilulissat,GL,2020-08-30 16:31:16,69.22,-51.1,46.4,61,20,5.82,few clouds
173,Adrar,MR,2020-08-30 16:24:56,20.5,-10.07,101.79,8,30,12.57,scattered clouds
174,Cururupu,BR,2020-08-30 16:24:08,-1.83,-44.87,87.98,52,75,10.76,broken clouds
175,Tahe,CN,2020-08-30 16:24:56,52.33,124.73,51.91,96,100,2.59,light rain
176,Conde,BR,2020-08-30 16:32:28,-7.26,-34.91,84.2,58,20,14.99,few clouds
177,Port Lincoln,AU,2020-08-30 16:32:28,-34.73,135.87,51.39,65,31,6.8,scattered clouds
178,Preobrazheniye,RU,2020-08-30 16:32:28,42.9,133.91,57.61,81,27,14.18,scattered clouds
179,Khatanga,RU,2020-08-30 16:32:29,71.97,102.5,46.81,81,100,8.03,overcast clouds
180,Noumea,NC,2020-08-30 16:22:16,-22.28,166.46,69.01,82,20,9.73,few clouds
181,Smithers,CA,2020-08-30 16:24:57,54.78,-127.17,44.6,87,90,5.82,overcast clouds
182,Souillac,MU,2020-08-30 16:32:29,-20.52,57.52,71.6,78,40,16.11,shower rain
183,Edd,ER,2020-08-30 16:32:29,13.93,41.69,90.63,66,44,9.57,scattered clouds
184,Batagay,RU,2020-08-30 16:32:29,67.63,134.63,45.46,58,68,3.0,broken clouds
185,Magistralnyy,RU,2020-08-30 16:24:57,56.17,107.45,54.72,87,100,3.71,overcast clouds
186,Angoche,MZ,2020-08-30 16:23:24,-16.23,39.91,76.51,69,0,17.2,clear sky
187,Kaitangata,NZ,2020-08-30 16:32:30,-46.28,169.85,45.16,74,100,7.49,overcast clouds
188,Umuarama,BR,2020-08-30 16:24:57,-23.77,-53.33,83.39,49,0,9.46,clear sky
189,Severo-Kurilsk,RU,2020-08-30 16:32:30,50.68,156.12,49.33,88,28,15.19,scattered clouds
190,Manjacaze,MZ,2020-08-30 16:24:58,-24.71,33.88,66.25,84,81,12.46,broken clouds
191,Asau,RO,2020-08-30 16:32:30,46.43,26.4,77.0,61,0,4.59,light rain
192,Khorixas,NA,2020-08-30 16:24:58,-20.37,14.97,75.31,16,0,18.95,clear sky
193,Honiara,SB,2020-08-30 16:23:28,-9.43,159.95,75.2,94,20,2.24,few clouds
194,Villa Carlos Paz,AR,2020-08-30 16:24:58,-31.42,-64.5,57.0,40,25,5.82,scattered clouds
195,Hokitika,NZ,2020-08-30 16:24:59,-42.72,170.97,52.36,81,100,0.87,overcast clouds
196,Keetmanshoop,NA,2020-08-30 16:24:59,-26.58,18.13,57.61,26,13,6.11,few clouds
197,Lazaro Cardenas,MX,2020-08-30 16:24:59,17.96,-102.2,81.34,80,100,3.62,light rain
198,Warmbad,NA,2020-08-30 16:32:31,-28.45,18.73,48.18,41,30,6.11,scattered clouds
199,Dhidhdhoo,MV,2020-08-30 16:24:59,6.88,73.1,83.35,75,77,9.91,light rain
200,Muncar,ID,2020-08-30 16:24:59,-8.43,114.33,72.41,84,60,2.77,broken clouds
201,Naruto,JP,2020-08-30 16:25:00,34.18,134.62,82.4,83,40,2.24,scattered clouds
202,Coihaique,CL,2020-08-30 16:32:32,-45.58,-72.07,50.0,79,20,6.93,few clouds
203,Acajutla,SV,2020-08-30 16:25:00,13.59,-89.83,80.01,100,1,2.44,clear sky
204,Tornio,FI,2020-08-30 16:25:00,65.85,24.15,59.0,67,96,3.36,overcast clouds
205,Pacific Grove,US,2020-08-30 16:25:00,36.62,-121.92,60.8,77,90,1.72,overcast clouds
206,Lagoa,PT,2020-08-30 16:32:33,39.05,-27.98,75.09,93,31,12.1,scattered clouds
207,Srednekolymsk,RU,2020-08-30 16:32:33,67.45,153.68,37.63,86,15,5.77,few clouds
208,Nouadhibou,MR,2020-08-30 16:31:03,20.93,-17.03,80.6,65,0,20.8,sand
209,Tual,ID,2020-08-30 16:25:01,-5.67,132.75,77.81,81,96,16.04,light rain
210,Bathsheba,BB,2020-08-30 16:25:01,13.22,-59.52,87.8,74,40,16.11,scattered clouds
211,Taltal,CL,2020-08-30 16:25:01,-25.4,-70.48,60.49,60,22,5.44,few clouds
212,Port Blair,IN,2020-08-30 16:32:34,11.67,92.75,82.49,80,79,8.28,broken clouds
213,Paducah,US,2020-08-30 16:24:20,37.08,-88.6,73.4,88,90,3.89,moderate rain
214,Vardo,NO,2020-08-30 16:32:34,70.37,31.11,48.2,93,75,21.92,light intensity shower rain
215,Kurilsk,RU,2020-08-30 16:25:02,45.23,147.88,49.6,84,99,1.25,overcast clouds
216,Maua,BR,2020-08-30 16:23:59,-23.67,-46.46,87.01,28,0,11.41,clear sky
217,Kumluca,TR,2020-08-30 16:25:02,36.37,30.29,90.97,32,0,4.63,clear sky
218,Saldanha,ZA,2020-08-30 16:32:35,-33.01,17.94,53.6,54,0,6.93,clear sky
219,Port Macquarie,AU,2020-08-30 16:25:02,-31.43,152.92,50.0,93,75,5.3,broken clouds
220,Port-Cartier,CA,2020-08-30 16:23:59,50.03,-66.87,50.0,93,90,10.29,light rain
221,Ponta Do Sol,PT,2020-08-30 16:32:35,32.67,-17.1,79.0,39,4,4.07,clear sky
222,Dafeng,CN,2020-08-30 16:25:03,23.45,108.59,80.78,74,6,1.12,light rain
223,Kavieng,PG,2020-08-30 16:25:03,-2.57,150.8,82.09,76,85,4.9,light rain
224,Faya,SA,2020-08-30 16:32:36,18.39,42.45,82.4,18,40,14.99,scattered clouds
225,Constitucion,CL,2020-08-30 16:32:36,-35.33,-72.42,54.86,52,0,13.42,clear sky
226,Puerto Baquerizo Moreno,EC,2020-08-30 16:25:04,-0.9,-89.6,71.6,73,90,16.11,overcast clouds
227,Yar-Sale,RU,2020-08-30 16:32:36,66.83,70.83,39.4,88,38,8.23,scattered clouds
228,San Cristobal,VE,2020-08-30 16:32:37,7.77,-72.22,84.2,62,40,11.41,scattered clouds
229,Padang,ID,2020-08-30 16:25:04,-0.95,100.35,78.67,81,100,4.54,moderate rain
230,Doljo,PH,2020-08-30 16:25:04,9.59,123.73,84.18,72,100,8.5,overcast clouds
231,Ahipara,NZ,2020-08-30 16:32:37,-35.17,173.17,54.28,86,40,6.13,scattered clouds
232,Yulara,AU,2020-08-30 16:25:04,-25.24,130.99,62.6,36,0,6.93,clear sky
233,Brokopondo,SR,2020-08-30 16:25:05,4.75,-55.17,86.04,64,84,6.89,broken clouds
234,Nome,US,2020-08-30 16:32:38,64.5,-165.41,51.8,76,75,9.17,broken clouds
235,Hay River,CA,2020-08-30 16:25:05,60.82,-115.8,50.0,66,20,12.75,few clouds
236,Bagli,IN,2020-08-30 16:25:05,22.65,76.35,73.4,88,40,9.17,scattered clouds
237,Portland,US,2020-08-30 16:27:54,45.52,-122.68,57.99,71,75,5.82,broken clouds
238,Malakal,SS,2020-08-30 16:22:45,9.53,31.66,77.9,81,66,0.54,broken clouds
239,Maneromango,TZ,2020-08-30 16:25:06,-7.2,38.78,77.0,69,20,9.17,few clouds
240,Bakchar,RU,2020-08-30 16:25:06,57.02,82.07,54.21,93,40,1.97,scattered clouds
241,Esperance,AU,2020-08-30 16:32:39,-33.87,121.9,46.4,87,68,11.41,broken clouds
242,Alofi,NU,2020-08-30 16:32:39,-19.06,-169.92,66.2,100,31,1.12,scattered clouds
243,Poplar Bluff,US,2020-08-30 16:25:06,36.76,-90.39,72.0,94,90,7.27,overcast clouds
244,Meulaboh,ID,2020-08-30 16:32:39,4.14,96.13,78.12,86,100,2.26,overcast clouds
245,Kupang,ID,2020-08-30 16:32:39,-10.17,123.58,75.6,84,47,11.27,scattered clouds
246,Vila Franca Do Campo,PT,2020-08-30 16:32:40,37.72,-25.43,77.0,78,40,11.41,scattered clouds
247,Ilhabela,BR,2020-08-30 16:25:07,-23.78,-45.36,86.79,43,0,1.5,clear sky
248,Gulbarga,IN,2020-08-30 16:25:07,17.33,76.83,78.85,76,26,11.34,light rain
249,Yerbogachen,RU,2020-08-30 16:25:07,61.28,108.01,53.24,74,63,3.8,broken clouds
250,Moron,AR,2020-08-30 16:25:08,-34.65,-58.62,54.0,37,100,8.05,overcast clouds
251,Carauari,BR,2020-08-30 16:25:08,-4.88,-66.9,95.88,43,95,2.24,overcast clouds
252,Esmeraldas,BR,2020-08-30 16:25:08,-19.76,-44.31,87.8,27,20,4.7,few clouds
253,Gra Liyia,GR,2020-08-30 16:25:08,35.02,25.68,86.0,50,0,8.99,clear sky
254,Koszeg,HU,2020-08-30 16:25:09,47.39,16.54,69.01,88,100,10.0,light rain
255,Coquimbo,CL,2020-08-30 16:27:56,-29.95,-71.34,57.2,67,0,11.41,clear sky
256,Anenecuilco,MX,2020-08-30 16:25:09,18.77,-98.98,75.2,73,75,3.36,broken clouds
257,Gat,IL,2020-08-30 16:32:41,31.61,34.76,86.0,22,0,1.99,clear sky
258,Bonavista,CA,2020-08-30 16:32:41,48.65,-53.11,54.0,79,100,18.01,light rain
259,Kirakira,SB,2020-08-30 16:25:09,-10.45,161.92,79.77,84,100,14.14,light rain
260,Goderich,CA,2020-08-30 16:32:41,43.75,-81.72,70.0,65,47,8.57,scattered clouds
261,Ambilobe,MG,2020-08-30 16:32:42,-13.2,49.05,72.48,80,38,2.42,scattered clouds
262,Dali,CN,2020-08-30 16:25:10,25.7,100.18,64.02,87,100,1.97,moderate rain
263,Sitborice,CZ,2020-08-30 16:25:10,49.01,16.78,77.0,65,20,14.99,heavy intensity rain
264,Tessalit,ML,2020-08-30 16:32:42,20.2,1.01,93.56,37,61,13.94,broken clouds
265,Villa Bruzual,VE,2020-08-30 16:25:10,9.33,-69.12,86.56,66,96,1.39,overcast clouds
266,Puerto Escondido,MX,2020-08-30 16:32:42,15.85,-97.07,86.0,51,40,4.68,scattered clouds
267,Cockburn Town,TC,2020-08-30 16:32:42,21.46,-71.14,86.0,66,40,11.41,scattered clouds
268,Dongsheng,CN,2020-08-30 16:25:11,39.82,109.98,54.91,82,100,8.95,moderate rain
269,Meadow Lake,US,2020-08-30 16:23:05,34.8,-106.54,78.01,46,75,5.82,broken clouds
270,Saint-Francois,FR,2020-08-30 16:25:12,46.42,3.91,64.99,55,90,12.75,overcast clouds
271,Takoradi,GH,2020-08-30 16:24:51,4.88,-1.76,78.24,73,88,12.01,overcast clouds
272,Chuy,UY,2020-08-30 16:32:43,-33.7,-53.46,52.11,58,97,6.15,overcast clouds
273,Juneau,US,2020-08-30 16:20:31,58.3,-134.42,53.01,93,90,12.75,moderate rain
274,Laguna,US,2020-08-30 16:32:43,38.42,-121.42,68.0,72,1,5.03,haze
275,North Myrtle Beach,US,2020-08-30 16:20:57,33.82,-78.68,89.6,62,20,5.82,few clouds
276,Innisfail,AU,2020-08-30 16:25:13,-17.53,146.03,68.95,87,98,7.72,light rain
277,Mairi,BR,2020-08-30 16:25:14,-11.71,-40.15,84.11,42,32,10.51,scattered clouds
278,Bowen,AU,2020-08-30 16:32:44,-20.02,148.23,59.0,87,0,2.24,clear sky
279,Sainte-Thecle,CA,2020-08-30 16:25:14,46.82,-72.5,62.6,51,75,18.34,broken clouds
280,Caronport,CA,2020-08-30 16:25:15,50.45,-105.82,61.0,42,58,8.99,broken clouds
281,Opuwo,NA,2020-08-30 16:32:44,-18.06,13.84,70.09,20,1,8.14,clear sky
282,Xuddur,SO,2020-08-30 16:25:16,4.12,43.89,83.17,47,42,16.8,scattered clouds
283,Trairi,BR,2020-08-30 16:25:16,-3.28,-39.27,87.1,51,71,20.24,broken clouds
284,Kasane,BW,2020-08-30 16:25:17,-17.82,25.15,62.6,48,100,11.41,overcast clouds
285,Kabompo,ZM,2020-08-30 16:25:17,-13.59,24.2,81.45,39,40,7.34,scattered clouds
286,Aklavik,CA,2020-08-30 16:32:45,68.22,-135.01,44.6,87,90,8.05,overcast clouds
287,Salinopolis,BR,2020-08-30 16:32:45,-0.61,-47.36,85.48,66,53,18.37,broken clouds
288,Dinan,FR,2020-08-30 16:25:18,48.42,-2.25,62.01,77,75,16.11,broken clouds
289,Bay Roberts,CA,2020-08-30 16:25:18,47.6,-53.26,66.0,98,100,21.0,moderate rain
290,Vagur,FO,2020-08-30 16:25:18,61.47,-6.81,51.24,85,91,11.23,overcast clouds
291,Karratha,AU,2020-08-30 16:25:18,-20.74,116.85,75.58,44,0,6.87,clear sky
292,Chara,RU,2020-08-30 16:25:18,56.91,118.26,49.69,77,62,1.48,broken clouds
293,Byron Bay,AU,2020-08-30 16:32:46,-28.65,153.62,54.0,93,0,3.36,clear sky
294,Fare,PF,2020-08-30 16:25:19,-16.7,-151.02,76.89,74,3,23.42,clear sky
295,Vanavara,RU,2020-08-30 16:25:19,60.34,102.28,50.9,82,32,2.98,scattered clouds
296,Tabuk,PH,2020-08-30 16:25:19,17.42,121.44,74.79,85,100,2.53,overcast clouds
297,Korla,CN,2020-08-30 16:32:46,41.76,86.15,72.0,60,7,1.01,clear sky
298,Opunake,NZ,2020-08-30 16:25:19,-39.46,173.86,43.0,95,27,1.01,scattered clouds
299,Dong Xoai,VN,2020-08-30 16:25:20,11.53,106.92,76.19,95,28,3.69,scattered clouds
300,Berekum,GH,2020-08-30 16:25:20,7.45,-2.58,82.71,64,79,4.68,light rain
301,Antofagasta,CL,2020-08-30 16:32:47,-23.65,-70.4,57.2,71,90,9.17,overcast clouds
302,Namatanai,PG,2020-08-30 16:32:47,-3.67,152.43,79.18,85,59,7.4,light rain
303,Thies,SN,2020-08-30 16:25:20,14.83,-17.11,87.8,66,40,9.17,scattered clouds
304,Omboue,GA,2020-08-30 16:25:20,-1.57,9.26,77.34,77,72,11.86,broken clouds
305,Fort-Shevchenko,KZ,2020-08-30 16:25:21,44.51,50.26,74.84,62,0,10.85,clear sky
306,Wageningen,NL,2020-08-30 16:25:21,51.97,5.67,63.0,93,75,9.17,mist
307,Macusani,PE,2020-08-30 16:32:48,-14.08,-70.43,50.11,44,0,13.33,clear sky
308,Torquay,GB,2020-08-30 16:25:21,50.46,-3.51,63.0,6,1,8.39,clear sky
309,Ibra,OM,2020-08-30 16:25:21,22.69,58.53,91.74,37,62,6.17,broken clouds
310,Sambava,MG,2020-08-30 16:32:48,-14.27,50.17,72.99,83,34,11.43,scattered clouds
311,Yumen,CN,2020-08-30 16:23:23,40.28,97.2,62.19,30,0,5.57,clear sky
312,Havre-Saint-Pierre,CA,2020-08-30 16:25:22,50.23,-63.6,53.6,76,90,12.75,overcast clouds
313,Yakeshi,CN,2020-08-30 16:25:22,49.28,120.73,53.06,96,100,10.71,moderate rain
314,College,US,2020-08-30 16:32:49,64.86,-147.8,52.0,87,40,5.82,scattered clouds
315,Launceston,AU,2020-08-30 16:31:05,-41.45,147.17,46.99,65,90,5.82,light rain
316,Puerto Del Rosario,ES,2020-08-30 16:25:22,28.5,-13.86,80.6,51,40,20.8,scattered clouds
317,Votice,CZ,2020-08-30 16:25:23,49.64,14.64,66.0,74,98,0.85,overcast clouds
318,Vaitape,PF,2020-08-30 16:25:23,-16.52,-151.75,77.16,74,22,23.38,few clouds
319,Teguise,ES,2020-08-30 16:32:49,29.06,-13.56,78.8,57,20,26.4,few clouds
320,Namibe,AO,2020-08-30 16:25:23,-15.2,12.15,69.8,68,0,13.87,clear sky
321,Sabang,ID,2020-08-30 16:25:23,5.89,95.32,83.8,76,100,14.45,overcast clouds
322,Roald,NO,2020-08-30 16:32:50,62.58,6.13,55.4,58,20,9.17,few clouds
323,Imbituba,BR,2020-08-30 16:22:51,-28.24,-48.67,73.4,64,20,23.04,few clouds
324,Andilamena,MG,2020-08-30 16:25:24,-17.02,48.58,62.44,87,61,8.99,light rain
325,Phoenixville,US,2020-08-30 16:25:24,40.13,-75.51,75.99,46,75,10.29,broken clouds
326,Liepaja,LV,2020-08-30 16:25:24,56.54,21.04,66.2,72,97,4.7,overcast clouds
327,Parainen,FI,2020-08-30 16:25:24,60.31,22.3,61.0,76,20,5.82,few clouds
328,Calama,CL,2020-08-30 16:25:24,-22.47,-68.93,68.0,11,100,9.17,overcast clouds
329,Marshall,US,2020-08-30 16:32:50,34.38,-86.33,84.0,78,75,3.04,broken clouds
330,Artigas,UY,2020-08-30 16:25:25,-30.4,-56.47,53.56,73,66,12.55,broken clouds
331,Batagay-Alyta,RU,2020-08-30 16:32:51,67.8,130.41,44.04,68,97,2.35,overcast clouds
332,Pimentel,PE,2020-08-30 16:25:25,-6.84,-79.93,69.8,64,99,6.93,overcast clouds
333,Cap Malheureux,MU,2020-08-30 16:32:51,-19.98,57.61,72.0,75,0,8.99,light rain
334,Magadi,IN,2020-08-30 16:25:25,12.97,77.23,80.6,65,40,9.51,scattered clouds
335,Marsh Harbour,BS,2020-08-30 16:25:25,26.54,-77.06,85.96,66,96,9.4,overcast clouds
336,Thunder Bay,CA,2020-08-30 16:23:16,48.4,-89.32,61.0,87,75,9.17,broken clouds
337,Longyearbyen,SJ,2020-08-30 16:32:52,78.22,15.64,41.0,75,75,16.11,light intensity drizzle
338,Vostok,RU,2020-08-30 16:25:26,46.49,135.88,47.46,79,78,4.43,broken clouds
339,Inhambane,MZ,2020-08-30 16:25:26,-23.86,35.38,78.8,83,20,5.82,few clouds
340,Ankazoabo,MG,2020-08-30 16:25:26,-22.28,44.52,76.59,36,9,3.91,clear sky
341,Puteyets,RU,2020-08-30 16:25:27,65.17,57.09,50.63,94,100,10.2,moderate rain
342,Sai Buri,TH,2020-08-30 16:25:27,6.7,101.62,78.8,94,75,6.93,broken clouds
343,Pietroasele,RO,2020-08-30 16:25:27,45.1,26.57,87.8,31,5,9.17,clear sky
344,Merauke,ID,2020-08-30 16:25:27,-8.47,140.33,77.95,82,85,15.82,overcast clouds
345,Dingle,PH,2020-08-30 16:32:53,11.0,122.67,77.5,83,100,5.06,overcast clouds
346,Issenye,TZ,2020-08-30 16:25:28,-2.0,34.33,77.76,50,60,5.95,broken clouds
347,Sao Filipe,CV,2020-08-30 16:32:53,14.9,-24.5,79.75,76,44,8.72,scattered clouds
348,Dukat,RU,2020-08-30 16:32:53,62.55,155.55,31.48,98,61,2.64,broken clouds
349,Misratah,LY,2020-08-30 16:23:52,32.38,15.09,85.77,56,0,18.16,clear sky
350,Nemours,FR,2020-08-30 16:25:28,48.28,2.69,69.8,56,77,10.29,moderate rain
351,Saint-Michel-Des-Saints,CA,2020-08-30 16:25:28,46.68,-73.92,58.57,58,81,14.65,broken clouds
352,Presidencia Roque Saenz Pena,AR,2020-08-30 16:25:29,-26.79,-60.44,61.95,61,100,10.8,overcast clouds
353,Leshukonskoye,RU,2020-08-30 16:25:29,64.9,45.76,51.4,94,100,6.71,overcast clouds
354,Lyantonde,UG,2020-08-30 16:25:29,-0.4,31.16,76.15,56,81,2.08,broken clouds
355,Harqalah,TN,2020-08-30 16:25:29,36.03,10.51,89.6,62,0,16.11,clear sky
356,Zemio,CF,2020-08-30 16:25:29,5.03,25.14,75.34,91,37,1.79,light rain
357,Half Moon Bay,US,2020-08-30 16:32:54,37.46,-122.43,64.99,87,90,4.61,overcast clouds
358,Kongwa,TZ,2020-08-30 16:25:30,-6.2,36.42,73.99,42,0,7.92,clear sky
359,Matara,LK,2020-08-30 16:32:54,5.95,80.54,80.4,82,86,10.76,overcast clouds
360,Wajid,SO,2020-08-30 16:25:30,3.81,43.25,85.41,44,58,19.55,broken clouds
361,Niquelandia,BR,2020-08-30 16:25:30,-14.47,-48.46,103.51,14,3,2.42,clear sky
362,Lensk,RU,2020-08-30 16:25:30,60.73,114.93,52.09,87,1,3.36,clear sky
363,Koslan,RU,2020-08-30 16:25:30,63.46,48.9,51.93,81,100,4.52,overcast clouds
364,Kaputa,ZM,2020-08-30 16:25:31,-8.47,29.66,81.66,44,14,4.25,few clouds
365,Hasaki,JP,2020-08-30 16:32:55,35.73,140.83,75.99,100,75,3.36,broken clouds
366,High Level,CA,2020-08-30 16:23:37,58.52,-117.14,48.2,70,20,24.16,few clouds
367,Hambantota,LK,2020-08-30 16:32:55,6.12,81.12,82.4,78,75,8.05,broken clouds
368,Saint-Ambroise,CA,2020-08-30 16:25:31,48.55,-71.33,51.8,87,90,11.41,moderate rain
369,Provost,CA,2020-08-30 16:32:56,52.35,-110.27,50.07,56,68,20.65,broken clouds
370,San Quintin,MX,2020-08-30 16:32:56,30.48,-115.95,70.3,72,83,9.42,broken clouds
371,Hervey Bay,AU,2020-08-30 16:32:56,-25.3,152.85,62.6,77,90,4.7,overcast clouds
372,Gap,FR,2020-08-30 16:25:32,44.67,6.0,66.0,50,43,1.01,scattered clouds
373,Zonguldak,TR,2020-08-30 16:25:32,41.25,31.83,77.16,45,0,2.08,clear sky
374,Bubaque,GW,2020-08-30 16:25:32,11.28,-15.83,80.8,80,85,14.47,overcast clouds
375,Cooma,AU,2020-08-30 16:25:32,-36.23,149.13,48.2,66,72,10.29,broken clouds
376,Rila,BG,2020-08-30 16:25:32,42.13,23.13,89.6,27,0,2.24,clear sky
377,Scottsbluff,US,2020-08-30 16:24:01,41.87,-103.67,84.99,23,1,20.8,clear sky
378,Camacha,PT,2020-08-30 16:32:57,33.08,-16.33,75.2,53,20,17.22,few clouds
379,Pasighat,IN,2020-08-30 16:25:33,28.07,95.33,77.99,77,100,2.82,overcast clouds
380,Kandete,TZ,2020-08-30 16:25:33,-9.15,33.8,65.95,39,14,1.92,few clouds
381,Povenets,RU,2020-08-30 16:25:33,62.85,34.83,55.47,66,2,5.26,clear sky
382,Grand Gaube,MU,2020-08-30 16:32:57,-20.01,57.66,72.0,75,1,8.99,light rain
383,Ihosy,MG,2020-08-30 16:25:34,-22.4,46.12,64.51,80,0,10.85,clear sky
384,Manaus,BR,2020-08-30 16:24:11,-3.1,-60.02,84.2,70,75,12.75,broken clouds
385,Along,IN,2020-08-30 16:32:58,28.17,94.77,72.99,89,99,1.1,overcast clouds
386,Sibolga,ID,2020-08-30 16:24:25,1.74,98.78,77.31,82,100,3.06,overcast clouds
387,Aykhal,RU,2020-08-30 16:32:58,66.0,111.5,48.2,66,90,3.98,haze
388,Shestakovo,RU,2020-08-30 16:25:34,56.49,103.96,52.38,82,72,2.42,broken clouds
389,Vila,PT,2020-08-30 16:25:34,42.03,-8.16,71.01,35,0,7.0,clear sky
390,Iralaya,HN,2020-08-30 16:25:35,15.0,-83.23,89.6,70,40,2.24,scattered clouds
391,Sioux Lookout,CA,2020-08-30 16:30:35,50.1,-91.92,62.6,72,20,8.05,few clouds
392,Mastic Beach,US,2020-08-30 16:24:23,40.77,-72.85,75.99,47,40,10.29,scattered clouds
393,Grand Island,US,2020-08-30 16:21:27,40.92,-98.34,75.99,57,1,17.22,clear sky
394,Hamilton,US,2020-08-30 16:32:59,39.18,-84.53,80.01,47,1,5.5,clear sky
395,Mabaruma,GY,2020-08-30 16:25:35,8.2,-59.78,90.77,59,71,4.14,moderate rain
396,Vidim,RU,2020-08-30 16:25:36,56.41,103.11,51.12,83,10,2.08,clear sky
397,Marsabit,KE,2020-08-30 16:25:36,2.33,37.99,76.5,40,0,14.32,clear sky
398,Bulgan,MN,2020-08-30 16:25:37,48.81,103.53,49.51,86,76,6.85,broken clouds
399,Taoudenni,ML,2020-08-30 16:33:00,22.68,-3.98,102.83,23,94,9.73,overcast clouds
400,Maldonado,UY,2020-08-30 16:21:56,-34.67,-54.92,50.0,57,75,11.41,broken clouds
401,Dunedin,NZ,2020-08-30 16:30:04,-45.87,170.5,47.41,72,100,6.46,overcast clouds
402,Port Hardy,CA,2020-08-30 16:31:02,50.7,-127.42,55.4,87,75,3.36,fog
403,Catabola,AO,2020-08-30 16:25:37,-12.15,17.28,84.2,66,75,6.93,broken clouds
404,Saint-Georges,GD,2020-08-30 16:25:37,12.06,-61.75,84.2,83,40,11.41,scattered clouds
405,Piacabucu,BR,2020-08-30 16:25:38,-10.41,-36.43,80.69,66,7,11.32,clear sky
406,Novyy Urengoy,RU,2020-08-30 16:25:38,66.08,76.63,45.59,75,0,6.2,clear sky
407,Zhangye,CN,2020-08-30 16:25:38,38.93,100.45,65.75,38,17,2.19,few clouds
408,Palmer,US,2020-08-30 16:25:38,42.16,-72.33,75.0,49,40,12.75,scattered clouds
409,Mapiripan,CO,2020-08-30 16:25:39,2.89,-72.13,86.72,58,95,3.87,overcast clouds
410,Gravdal,NO,2020-08-30 16:25:39,68.12,13.5,48.2,70,40,6.93,shower rain
411,Anadyr,RU,2020-08-30 16:33:01,64.75,177.48,33.8,86,70,4.47,broken clouds
412,Rocha,UY,2020-08-30 16:33:01,-34.48,-54.33,53.01,52,19,7.27,few clouds
413,Colares,PT,2020-08-30 16:25:39,38.8,-9.45,75.99,46,20,23.04,few clouds
414,Narathiwat,TH,2020-08-30 16:25:39,6.33,101.75,78.8,94,75,6.93,broken clouds
415,Naze,JP,2020-08-30 16:33:01,28.37,129.48,82.4,88,14,5.82,light rain
416,Shenzhen,CN,2020-08-30 16:25:40,22.55,114.07,86.0,79,67,6.71,light rain
417,Avera,US,2020-08-30 16:33:02,33.19,-82.53,88.0,79,75,4.7,broken clouds
418,Kristiansund,NO,2020-08-30 16:25:40,63.11,7.73,53.6,58,20,11.41,few clouds
419,Susanville,US,2020-08-30 16:25:40,40.42,-120.65,64.4,48,1,3.36,haze
420,Prince Rupert,CA,2020-08-30 16:25:41,54.32,-130.32,53.6,93,90,8.05,light rain
421,Kurchatov,RU,2020-08-30 16:25:41,51.66,35.65,80.6,34,0,4.47,clear sky
422,Kenora,CA,2020-08-30 16:22:32,49.82,-94.43,68.0,60,40,11.41,scattered clouds
423,Brockville,CA,2020-08-30 16:25:41,44.58,-75.68,64.99,59,20,9.17,few clouds
424,Marawi,PH,2020-08-30 16:33:03,8.0,124.29,78.01,89,100,5.01,overcast clouds
425,Burnie,AU,2020-08-30 16:25:41,-41.07,145.92,46.0,67,85,13.0,light rain
426,Tuatapere,NZ,2020-08-30 16:33:03,-46.13,167.68,49.68,67,49,11.5,scattered clouds
427,Labuan,MY,2020-08-30 16:25:42,5.28,115.24,80.6,88,40,3.36,thunderstorm
428,Rio Gallegos,AR,2020-08-30 16:29:21,-51.62,-69.22,37.4,69,40,23.04,scattered clouds
429,Lethbridge,CA,2020-08-30 16:25:42,49.7,-112.82,48.2,87,75,11.41,broken clouds
430,Ponta Delgada,PT,2020-08-30 16:25:42,37.73,-25.67,77.0,78,40,11.41,scattered clouds
431,Alberton,CA,2020-08-30 16:22:34,46.82,-64.07,63.64,95,97,8.39,light rain
432,Berat,AL,2020-08-30 16:24:31,40.71,19.95,88.18,33,0,7.61,clear sky
433,Tefe,BR,2020-08-30 16:25:42,-3.35,-64.71,82.4,83,75,3.36,broken clouds
434,Tateyama,JP,2020-08-30 16:33:04,34.98,139.87,82.99,90,3,1.77,clear sky
435,Cayenne,GF,2020-08-30 16:28:24,4.93,-52.33,91.4,52,20,6.93,few clouds
436,Pangai,TO,2020-08-30 16:25:43,-19.8,-174.35,77.31,81,0,21.74,clear sky
437,Cherskiy,RU,2020-08-30 16:33:04,68.75,161.3,38.64,89,100,9.71,overcast clouds
438,Luang Prabang,LA,2020-08-30 16:25:43,19.89,102.13,76.91,74,100,1.32,overcast clouds
439,Ostrovnoy,RU,2020-08-30 16:33:05,68.05,39.51,45.68,86,73,8.3,broken clouds
440,Scarborough,GB,2020-08-30 16:21:13,54.28,-0.4,57.0,73,58,1.99,broken clouds
441,Jumla,NP,2020-08-30 16:25:43,29.27,82.18,62.83,69,47,0.74,scattered clouds
442,Broome,US,2020-08-30 16:33:05,42.25,-75.83,69.01,63,75,13.87,broken clouds
443,Christchurch,NZ,2020-08-30 16:24:23,-43.53,172.63,51.01,77,2,1.12,clear sky
444,San Pedro,PH,2020-08-30 16:25:44,14.35,121.02,80.6,78,100,6.93,moderate rain
445,Mawlaik,MM,2020-08-30 16:25:44,23.63,94.42,79.12,90,100,0.56,moderate rain
446,Ayolas,PY,2020-08-30 16:25:44,-27.4,-56.9,65.7,71,99,14.16,overcast clouds
447,Broken Hill,AU,2020-08-30 16:25:44,-31.95,141.43,48.2,76,0,14.99,clear sky
448,Solenzo,BF,2020-08-30 16:25:45,12.18,-4.08,80.24,78,84,8.88,broken clouds
449,Sturgis,US,2020-08-30 16:25:45,41.8,-85.42,70.0,60,75,6.93,broken clouds
450,El Dorado,US,2020-08-30 16:25:45,33.21,-92.67,84.2,70,1,10.29,clear sky
451,Zgierz,PL,2020-08-30 16:25:45,51.86,19.41,64.4,93,90,13.87,light rain
452,Patiala,IN,2020-08-30 16:25:45,30.33,76.4,82.4,65,75,13.87,light rain
453,Shush,IR,2020-08-30 16:25:46,32.19,48.24,102.52,8,0,9.1,clear sky
454,Amuntai,ID,2020-08-30 16:22:39,-2.42,115.25,74.25,93,18,1.03,few clouds
455,Kibala,TD,2020-08-30 16:25:46,9.11,18.35,77.36,90,92,2.89,moderate rain
456,Touros,BR,2020-08-30 16:33:06,-5.2,-35.46,84.2,58,40,16.11,scattered clouds
457,Punto Fijo,VE,2020-08-30 16:25:46,11.7,-70.2,85.66,59,7,1.88,clear sky
458,Kahului,US,2020-08-30 16:33:07,20.89,-156.47,77.0,73,40,14.99,scattered clouds
459,Santiago Del Estero,AR,2020-08-30 16:33:07,-27.8,-64.26,57.67,40,100,8.99,overcast clouds
460,Anori,BR,2020-08-30 16:25:47,-3.77,-61.64,102.34,34,48,1.57,scattered clouds
461,Potsdam,DE,2020-08-30 16:25:47,52.4,13.07,70.0,82,40,4.7,light rain
462,Oros,BR,2020-08-30 16:25:47,-6.24,-38.91,97.63,24,21,9.53,few clouds
463,Nha Trang,VN,2020-08-30 16:22:00,12.25,109.18,86.0,79,40,2.24,scattered clouds
464,Belaya Gora,RU,2020-08-30 16:33:07,68.53,146.42,40.84,76,87,8.25,overcast clouds
465,Te Karaka,NZ,2020-08-30 16:25:48,-38.47,177.87,44.35,80,0,2.24,clear sky
466,Monduli,TZ,2020-08-30 16:25:48,-3.3,36.45,69.8,52,20,11.41,few clouds
467,Zhanakorgan,KZ,2020-08-30 16:25:48,43.91,67.25,82.92,18,0,19.73,clear sky
468,Poya,NC,2020-08-30 16:33:08,-21.35,165.15,60.78,77,42,3.67,scattered clouds
469,Saint-Pierre,RE,2020-08-30 16:22:24,-21.34,55.48,71.6,73,4,10.29,clear sky
470,Bucerias,MX,2020-08-30 16:25:48,20.75,-105.33,82.99,83,90,4.7,overcast clouds
471,Straumen,NO,2020-08-30 16:25:49,63.87,11.3,53.6,66,75,19.46,shower rain
472,Southbridge,US,2020-08-30 16:25:49,42.08,-72.03,72.0,58,8,1.01,clear sky
473,Xinzhou,CN,2020-08-30 16:25:49,38.41,112.73,64.44,69,58,4.85,broken clouds
474,Guerrero Negro,MX,2020-08-30 16:33:09,27.98,-114.06,77.59,64,1,6.93,clear sky
475,Vrangel,RU,2020-08-30 16:25:49,42.73,133.08,63.25,76,99,10.07,overcast clouds
476,Oksfjord,NO,2020-08-30 16:25:50,70.24,22.35,50.0,66,40,9.17,scattered clouds
477,Asilah,MA,2020-08-30 16:25:50,35.47,-6.03,84.2,37,93,14.99,overcast clouds
478,Muros,ES,2020-08-30 16:33:09,42.78,-9.06,70.0,52,0,10.0,clear sky
479,Fomboni,KM,2020-08-30 16:25:50,-12.28,43.74,77.14,66,0,4.47,clear sky
480,Hanna,CA,2020-08-30 16:25:50,51.63,-111.9,50.72,53,15,23.24,few clouds
481,Port Moresby,PG,2020-08-30 16:25:50,-9.44,147.18,77.0,94,75,11.41,broken clouds
482,Ust-Nera,RU,2020-08-30 16:23:59,64.57,143.2,45.41,77,94,0.83,light rain
483,The Valley,AI,2020-08-30 16:33:10,18.22,-63.06,87.8,62,40,19.46,haze
484,Shihezi,CN,2020-08-30 16:25:51,44.3,86.03,72.48,26,0,7.63,clear sky
485,Sulangan,PH,2020-08-30 16:25:51,11.14,123.72,84.79,74,100,8.41,moderate rain
486,Yaan,NG,2020-08-30 16:33:10,7.38,8.57,79.34,86,21,3.98,light rain
487,Poum,NC,2020-08-30 16:33:10,-20.23,164.02,69.33,71,55,14.2,broken clouds
488,Platanos,GR,2020-08-30 16:25:51,37.67,21.62,86.0,62,0,9.17,clear sky
489,Isangel,VU,2020-08-30 16:33:11,-19.55,169.27,66.2,93,75,12.66,broken clouds
490,Zyryanskoye,RU,2020-08-30 16:25:52,56.83,86.63,55.04,89,88,3.62,overcast clouds
491,Grand-Lahou,CI,2020-08-30 16:25:52,5.14,-5.02,77.92,77,51,11.16,broken clouds
492,Dawson Creek,CA,2020-08-30 16:23:09,55.77,-120.24,48.2,70,1,3.65,clear sky
493,Zenzeli,RU,2020-08-30 16:25:52,45.92,47.05,79.57,30,0,9.35,clear sky
494,Volchikha,RU,2020-08-30 16:25:52,52.03,80.38,62.78,72,45,7.2,scattered clouds
495,Abay,KZ,2020-08-30 16:24:04,49.63,72.85,55.4,82,0,6.71,clear sky
496,Mchinji,MW,2020-08-30 16:25:53,-13.8,32.88,79.16,23,0,9.42,clear sky
497,Sumbe,AO,2020-08-30 16:25:53,-11.21,13.84,71.4,76,31,8.25,scattered clouds
498,Leninskoye,RU,2020-08-30 16:25:53,47.94,132.62,53.15,89,100,6.08,overcast clouds
499,Maues,BR,2020-08-30 16:25:53,-3.38,-57.72,93.47,46,35,3.89,light rain
500,Hualmay,PE,2020-08-30 16:33:12,-11.1,-77.61,65.68,68,94,9.22,overcast clouds
501,Rudnya,RU,2020-08-30 16:25:54,54.95,31.09,68.0,82,40,6.71,thunderstorm
502,Carutapera,BR,2020-08-30 16:25:54,-1.2,-46.02,84.51,71,60,12.17,light rain
503,Eyl,SO,2020-08-30 16:33:12,7.98,49.82,78.51,74,94,24.16,overcast clouds
504,Harboore,DK,2020-08-30 16:25:54,56.62,8.18,63.0,71,0,16.78,clear sky
505,Passo De Camaragibe,BR,2020-08-30 16:25:54,-9.24,-35.49,82.4,58,75,6.93,broken clouds
506,Westport,US,2020-08-30 16:30:40,41.14,-73.36,75.99,50,75,17.22,broken clouds
507,Alugan,PH,2020-08-30 16:33:12,12.22,125.48,79.16,82,100,6.55,overcast clouds
508,Terney,RU,2020-08-30 16:25:55,45.05,136.61,58.42,72,92,13.85,overcast clouds
509,Dudinka,RU,2020-08-30 16:25:55,69.41,86.18,48.2,100,90,13.42,fog
510,Iquique,CL,2020-08-30 16:25:55,-20.22,-70.14,60.8,59,40,10.29,scattered clouds
511,Hami,CN,2020-08-30 16:33:13,42.8,93.45,71.26,22,0,3.2,clear sky
512,Brae,GB,2020-08-30 16:33:13,60.4,-1.35,55.4,66,40,9.17,scattered clouds
513,San Juan,AR,2020-08-30 16:22:16,-31.54,-68.54,56.19,37,27,4.03,scattered clouds
514,Cuiluan,CN,2020-08-30 16:25:56,47.72,128.65,54.64,89,100,4.41,overcast clouds
515,Navirai,BR,2020-08-30 16:25:56,-23.07,-54.19,85.89,42,0,6.06,clear sky
516,Mehamn,NO,2020-08-30 16:33:14,71.04,27.85,46.74,70,35,12.33,light rain
517,Kavaratti,IN,2020-08-30 16:33:14,10.57,72.64,82.45,78,56,12.12,broken clouds
518,Boffa,GN,2020-08-30 16:25:56,10.17,-14.03,79.72,86,87,12.97,moderate rain
519,Maragogi,BR,2020-08-30 16:25:42,-9.01,-35.22,80.49,66,4,10.76,clear sky
520,San Patricio,MX,2020-08-30 16:33:14,19.22,-104.7,78.8,100,90,17.22,overcast clouds
521,Rorvik,NO,2020-08-30 16:25:57,64.86,11.24,51.8,76,40,8.05,shower rain
522,Harjavalta,FI,2020-08-30 16:25:57,61.32,22.13,60.8,63,93,5.82,shower rain
523,Ler,SS,2020-08-30 16:25:57,8.3,30.14,78.6,78,50,1.28,light rain
524,Berlevag,NO,2020-08-30 16:33:15,70.86,29.09,46.4,87,75,6.93,light intensity drizzle
525,Lata,PT,2020-08-30 16:33:15,40.16,-8.33,82.99,39,0,11.25,clear sky
526,Semnan,IR,2020-08-30 16:25:57,35.57,53.4,80.6,22,20,9.17,few clouds
527,Agirish,RU,2020-08-30 16:25:58,61.92,63.02,58.62,96,93,4.47,light rain
528,Muisne,EC,2020-08-30 16:33:15,0.6,-80.03,84.2,79,40,6.93,scattered clouds
529,Baruun-Urt,MN,2020-08-30 16:33:16,46.68,113.28,49.19,95,95,0.65,overcast clouds
530,Mindif,CM,2020-08-30 16:25:58,10.4,14.44,81.86,68,69,1.25,broken clouds
531,Cavalcante,BR,2020-08-30 16:25:58,-13.8,-47.46,90.64,21,3,7.92,clear sky
532,Nagapattinam,IN,2020-08-30 16:25:58,10.77,79.83,83.97,77,92,10.94,light rain
533,Gorontalo,ID,2020-08-30 16:33:16,0.54,123.06,74.91,87,54,3.78,light rain
534,Zboriste,BA,2020-08-30 16:25:03,45.15,16.02,84.2,48,56,10.29,broken clouds
535,Buraydah,SA,2020-08-30 16:25:27,26.33,43.98,100.4,16,0,11.41,clear sky
536,Ulcinj,ME,2020-08-30 16:25:59,41.93,19.22,91.4,31,0,3.36,clear sky
537,Timra,SE,2020-08-30 16:25:59,62.49,17.33,55.4,66,75,9.17,broken clouds
538,Kyakhta,RU,2020-08-30 16:25:59,50.35,106.45,52.65,88,100,5.46,overcast clouds
539,Sao Paulo De Olivenca,BR,2020-08-30 16:25:59,-3.38,-68.87,84.6,62,96,1.05,overcast clouds
540,Gimli,CA,2020-08-30 16:26:00,50.63,-96.99,70.0,99,100,8.01,overcast clouds
541,Correntina,BR,2020-08-30 16:26:00,-13.34,-44.64,93.74,22,27,5.77,scattered clouds
542,Ghanzi,BW,2020-08-30 16:33:17,-21.57,21.78,61.27,28,0,7.63,clear sky
543,Nancha,CN,2020-08-30 16:26:00,47.13,129.27,55.09,92,100,1.99,overcast clouds
544,Fallon,US,2020-08-30 16:26:00,39.47,-118.78,78.01,33,1,3.36,haze
545,Oneonta,US,2020-08-30 16:26:01,42.45,-75.06,63.0,81,82,4.0,broken clouds
546,Salalah,OM,2020-08-30 16:33:17,17.02,54.09,78.8,88,90,3.36,overcast clouds
547,Fremont,US,2020-08-30 16:22:42,37.55,-121.99,63.0,77,90,1.59,haze
548,Saint-Augustin,CA,2020-08-30 16:26:01,51.23,-58.65,61.41,48,73,10.67,broken clouds
549,Mali,GN,2020-08-30 16:26:01,12.08,-12.3,91.4,52,75,6.93,broken clouds
550,Willowmore,ZA,2020-08-30 16:26:01,-33.29,23.49,43.32,61,57,7.2,broken clouds
551,Bereda,ES,2020-08-30 16:33:18,43.27,-7.54,64.0,57,13,14.0,few clouds
552,Mnogovershinnyy,RU,2020-08-30 16:26:02,53.94,139.92,42.66,81,70,5.03,broken clouds
553,Huarmey,PE,2020-08-30 16:33:18,-10.07,-78.15,66.7,66,76,11.43,broken clouds
554,East Stroudsburg,US,2020-08-30 16:26:02,41.0,-75.18,72.0,58,6,9.8,clear sky
555,Rapina,EE,2020-08-30 16:26:02,58.1,27.46,64.99,72,99,10.29,overcast clouds
556,Lodja,CD,2020-08-30 16:26:02,-3.48,23.43,82.44,64,95,1.66,light rain
557,Kerema,PG,2020-08-30 16:33:19,-7.96,145.78,76.64,90,99,7.34,overcast clouds
558,Manggar,ID,2020-08-30 16:26:03,-2.88,108.27,81.12,79,29,14.03,scattered clouds
559,North Bay,CA,2020-08-30 16:25:09,46.32,-79.47,59.0,77,75,10.29,broken clouds
560,Novoseleznevo,RU,2020-08-30 16:26:03,55.68,69.21,70.32,71,9,5.46,clear sky
561,Ternate,ID,2020-08-30 16:26:03,0.8,127.4,80.55,79,78,3.02,broken clouds
562,Fereydunshahr,IR,2020-08-30 16:26:04,32.94,50.12,57.94,33,7,5.95,clear sky
563,Owosso,US,2020-08-30 16:26:04,43.0,-84.18,68.0,68,90,5.82,overcast clouds
564,Pauini,BR,2020-08-30 16:33:20,-7.71,-66.98,105.21,27,99,0.96,overcast clouds
565,Wajima,JP,2020-08-30 16:26:04,37.4,136.9,79.54,85,74,6.42,light rain
566,Necochea,AR,2020-08-30 16:33:20,-38.55,-58.74,57.0,38,0,15.01,clear sky
567,Ravar,IR,2020-08-30 16:26:04,31.27,56.81,73.45,20,0,10.87,clear sky
568,Kushmurun,KZ,2020-08-30 16:26:05,52.45,64.63,75.38,34,39,8.25,scattered clouds
569,Cuauhtemoc,MX,2020-08-30 16:24:25,28.42,-106.87,71.4,53,89,6.87,overcast clouds
570,Yei,SS,2020-08-30 16:26:05,4.09,30.68,71.47,88,73,0.65,light rain
571,Itarema,BR,2020-08-30 16:33:20,-2.92,-39.92,87.53,53,47,22.15,scattered clouds
572,Divinopolis,BR,2020-08-30 16:26:05,-20.14,-44.88,86.5,28,0,5.7,clear sky
573,Yueyang,CN,2020-08-30 16:26:06,29.33,113.09,77.38,75,0,5.55,light rain
574,Olinda,BR,2020-08-30 16:33:21,-8.01,-34.86,84.2,54,20,10.29,few clouds
575,Petropavlovsk-Kamchatskiy,RU,2020-08-30 16:33:21,53.05,158.65,41.0,100,85,8.95,overcast clouds
576,Saskylakh,RU,2020-08-30 16:33:21,71.92,114.08,47.95,81,69,4.25,broken clouds
577,Yeppoon,AU,2020-08-30 16:26:06,-23.13,150.73,62.6,77,79,9.17,broken clouds
578,Dymer,UA,2020-08-30 16:26:06,50.79,30.3,84.2,39,0,8.95,clear sky
579,Sovetskiy,RU,2020-08-30 16:26:07,61.36,63.58,59.94,97,100,5.91,moderate rain
580,Beringovskiy,RU,2020-08-30 16:33:22,63.05,179.32,46.71,81,100,29.75,light rain
581,Sinnamary,GF,2020-08-30 16:26:07,5.38,-52.95,87.91,60,11,13.4,few clouds
582,Tautira,PF,2020-08-30 16:23:05,-17.73,-149.15,69.8,77,20,5.82,few clouds
583,Bandarbeyla,SO,2020-08-30 16:33:22,9.49,50.81,77.13,80,93,31.07,overcast clouds
584,Nizhniy Tsasuchey,RU,2020-08-30 16:26:07,50.52,115.13,54.84,90,99,1.23,overcast clouds
585,Viseu,PT,2020-08-30 16:26:07,40.66,-7.91,80.01,21,0,5.01,clear sky
586,Tura,IN,2020-08-30 16:33:23,25.52,90.22,76.17,90,99,3.56,overcast clouds
587,Udomlya,RU,2020-08-30 16:26:08,57.88,34.99,62.82,74,98,4.76,overcast clouds
588,Chapais,CA,2020-08-30 16:33:23,49.78,-74.85,57.2,62,75,11.41,broken clouds
589,Durban,ZA,2020-08-30 16:22:54,-29.86,31.03,57.2,54,75,8.05,broken clouds
590,Alta Gracia,AR,2020-08-30 16:26:08,-31.65,-64.43,57.0,40,10,5.82,clear sky
591,Erenhot,CN,2020-08-30 16:26:08,43.65,111.98,65.19,67,68,12.5,broken clouds
592,Medea,DZ,2020-08-30 16:26:09,36.26,2.75,78.8,65,75,16.11,broken clouds
593,Riohacha,CO,2020-08-30 16:26:09,11.54,-72.91,88.59,58,6,7.94,clear sky
594,Methoni,GR,2020-08-30 16:26:09,36.82,21.7,89.01,48,0,15.17,clear sky
595,Saint Anthony,US,2020-08-30 16:33:24,45.02,-93.22,73.99,53,1,11.41,clear sky
596,Camargo,MX,2020-08-30 16:26:09,27.67,-105.17,85.59,34,47,7.54,scattered clouds
597,Nacala,MZ,2020-08-30 16:26:09,-14.54,40.67,74.66,70,0,8.01,clear sky
598,Sisimiut,GL,2020-08-30 16:33:24,66.94,-53.67,55.74,56,12,10.16,few clouds
599,Emba,KZ,2020-08-30 16:26:10,48.83,58.14,81.05,21,12,12.73,few clouds
600,Eldoret,KE,2020-08-30 16:26:10,0.52,35.27,59.0,93,75,4.7,thunderstorm
601,Lorengau,PG,2020-08-30 16:33:25,-2.02,147.27,80.96,81,100,6.91,overcast clouds
602,Zurrieq,MT,2020-08-30 16:26:10,35.83,14.47,84.2,79,20,11.41,few clouds
603,Svetlograd,RU,2020-08-30 16:26:10,45.34,42.85,80.01,26,0,13.42,clear sky
604,Havelock,US,2020-08-30 16:26:11,34.88,-76.9,86.0,62,75,14.99,broken clouds
605,Grants Pass,US,2020-08-30 16:26:11,42.44,-123.33,62.6,42,1,8.05,clear sky
606,Calvinia,ZA,2020-08-30 16:26:11,-31.47,19.78,45.41,54,0,8.19,clear sky
607,Lazurne,UA,2020-08-30 16:26:11,46.08,32.53,86.0,28,0,6.71,clear sky
608,Margate,GB,2020-08-30 16:33:25,51.38,1.39,64.0,79,97,8.01,overcast clouds
609,Urusha,RU,2020-08-30 16:26:12,54.05,122.9,51.57,97,100,4.29,moderate rain
610,Waddan,LY,2020-08-30 16:26:12,29.16,16.14,102.02,9,0,9.82,clear sky
611,Raga,SS,2020-08-30 16:26:12,8.46,25.68,73.72,93,100,2.8,light rain
612,La Ronge,CA,2020-08-30 16:26:12,55.1,-105.28,50.0,71,90,11.41,overcast clouds
613,Rosarito,MX,2020-08-30 16:26:12,32.33,-117.03,71.01,77,40,6.93,scattered clouds
614,Lakatoro,VU,2020-08-30 16:26:12,-16.1,167.42,77.0,88,90,3.36,overcast clouds
615,Hit,IQ,2020-08-30 16:26:13,33.64,42.83,92.75,11,0,0.69,clear sky
616,Parakai,NZ,2020-08-30 16:26:13,-36.65,174.43,51.01,91,10,1.99,clear sky
617,Komsomolskiy,UZ,2020-08-30 16:33:26,40.43,71.72,77.0,50,3,6.93,clear sky
618,Luau,AO,2020-08-30 16:26:13,-10.71,22.22,82.74,41,61,3.29,broken clouds
619,Tsiroanomandidy,MG,2020-08-30 16:26:14,-18.77,46.03,73.58,33,66,5.59,broken clouds
620,Ngorongoro,TZ,2020-08-30 16:26:14,-3.24,35.49,61.41,47,22,4.45,few clouds
621,Bajil,YE,2020-08-30 16:26:14,15.06,43.29,88.99,46,100,10.71,overcast clouds
622,Aranos,NA,2020-08-30 16:26:14,-24.13,19.12,58.71,31,0,8.99,clear sky
623,Arlit,NE,2020-08-30 16:26:14,18.74,7.39,91.65,43,97,0.94,overcast clouds
624,San Vicente,AR,2020-08-30 16:26:15,-26.62,-54.13,84.88,37,23,4.25,few clouds
625,Songea,TZ,2020-08-30 16:26:15,-10.68,35.65,71.6,56,20,10.29,few clouds
626,Montijo,PT,2020-08-30 16:26:15,38.71,-8.97,80.6,36,0,11.41,clear sky
627,Marquette,US,2020-08-30 16:26:15,46.53,-87.63,61.0,71,39,1.99,scattered clouds
628,Aksu,CN,2020-08-30 16:33:27,41.12,80.26,74.79,34,42,4.76,scattered clouds
629,Edgewater,US,2020-08-30 16:26:16,28.99,-80.9,82.99,78,75,13.87,broken clouds
630,Mitsamiouli,KM,2020-08-30 16:26:16,-11.38,43.28,80.6,69,20,4.7,few clouds
631,Keokuk,US,2020-08-30 16:26:16,40.4,-91.38,73.4,56,1,9.17,clear sky
632,Saint Andrews,US,2020-08-30 16:26:16,34.05,-81.13,91.99,62,75,6.93,broken clouds
633,Tunceli,TR,2020-08-30 16:22:35,39.11,39.55,89.6,17,0,2.24,clear sky
634,Planos,GR,2020-08-30 16:26:17,37.82,20.85,86.0,58,0,8.05,clear sky
635,Onega,RU,2020-08-30 16:26:17,63.91,38.14,52.79,82,92,8.75,overcast clouds
636,Vilyuysk,RU,2020-08-30 16:26:17,63.76,121.62,49.89,81,74,2.75,broken clouds
637,Ginir,ET,2020-08-30 16:26:17,7.13,40.7,67.77,58,65,9.22,broken clouds
638,Yerofey Pavlovich,RU,2020-08-30 16:26:17,53.97,121.97,51.55,97,100,3.98,light rain
639,Nishihara,JP,2020-08-30 16:23:22,26.18,127.76,84.2,88,75,12.75,broken clouds
640,Asfi,MA,2020-08-30 16:33:29,32.3,-9.24,76.53,54,0,28.32,clear sky
641,Jasper,US,2020-08-30 16:26:18,37.2,-94.35,73.4,88,90,3.67,overcast clouds
642,Solwezi,ZM,2020-08-30 16:26:18,-12.17,26.39,80.83,20,0,1.66,clear sky
643,Loviisa,FI,2020-08-30 16:26:18,60.46,26.23,57.0,96,94,1.01,light rain
644,Kieta,PG,2020-08-30 16:33:29,-6.22,155.63,79.86,76,55,5.68,broken clouds
645,Evensk,RU,2020-08-30 16:26:19,61.95,159.23,45.12,68,11,9.08,few clouds
646,Male,MV,2020-08-30 16:26:19,4.17,73.51,84.2,74,75,4.7,broken clouds
647,Zheleznodorozhnyy,RU,2020-08-30 16:26:19,55.75,38.0,75.2,83,79,2.24,broken clouds
648,Nicoya,CR,2020-08-30 16:26:19,10.15,-85.45,86.0,74,40,3.36,scattered clouds
649,Uige,AO,2020-08-30 16:21:52,-7.61,15.06,84.2,48,20,6.93,few clouds
650,Pingliang,CN,2020-08-30 16:26:20,35.54,106.69,53.01,85,62,2.21,broken clouds
651,Omaruru,NA,2020-08-30 16:26:20,-21.43,15.93,74.86,14,0,4.72,clear sky
652,Samfya,ZM,2020-08-30 16:26:20,-11.36,29.56,80.38,22,0,2.26,clear sky
653,Gao,ML,2020-08-30 16:26:20,16.64,1.64,89.19,48,92,7.94,overcast clouds
654,Ketchikan,US,2020-08-30 16:26:20,55.34,-131.65,53.6,100,90,20.8,moderate rain
655,Husavik,IS,2020-08-30 16:33:31,66.04,-17.34,62.6,55,75,25.28,broken clouds
656,Verkhnyaya Inta,RU,2020-08-30 16:26:21,65.98,60.31,51.35,80,100,11.83,light rain
657,Tongzi,CN,2020-08-30 16:26:21,28.78,105.09,70.43,91,100,7.85,moderate rain
658,Tramandai,BR,2020-08-30 16:26:21,-29.98,-50.13,59.81,92,95,10.76,light rain
659,Fez,MA,2020-08-30 16:22:24,34.04,-5.0,89.6,19,40,8.05,scattered clouds
660,Loukhi,RU,2020-08-30 16:21:58,66.08,33.04,53.71,69,82,3.2,broken clouds
661,Puri,IN,2020-08-30 16:26:21,19.8,85.85,86.0,89,20,6.93,haze
662,Awjilah,LY,2020-08-30 16:33:31,29.11,21.29,94.62,16,0,10.6,clear sky
663,Lubao,PH,2020-08-30 16:26:22,14.92,120.55,78.8,83,75,5.82,broken clouds
